<?xml version="1.0" encoding="UTF-8" standalone="yes" ?><cp:coreProperties xmlns:cp="http://schemas.openxmlformats.org/package/2006/metadata/core-properties" xmlns:dc="http://purl.org/dc/elements/1.1/" xmlns:dcmitype="http://purl.org/dc/dcmitype/" xmlns:dcterms="http://purl.org/dc/terms/" xmlns:xsi="http://www.w3.org/2001/XMLSchema-instance"><dcterms:created xsi:type="dcterms:W3CDTF">2020-03-25T11:32:33Z</dcterms:created><dc:creator>Tom Holiday</dc:creator><dc:description>General Electric CFM56-5C non-mixing turbofan engine thermodynamic cycle analysis</dc:description><dc:title>Turbofan Engine Analysis - Tom Holiday - 201015193</dc:title><cp:version>1.0</cp:version></cp:coreProperties>